scientificName,phyloTreeTipLabel,phyloTreeFileName,^ot:originalLabel,^ot:ottId,^ot:ottTaxonName
Trichaptum abietinum,Hirschioporus abietinus,ot_3172_tree1.nex,Hirschioporus abietinus,1044745,Trichaptum abietinum
Hirschioporus acontextus,Hirschioporus acontextus,ot_3172_tree1.nex,Hirschioporus acontextus,6521370,Hirschioporus acontextus
Trichaptum fuscoviolaceum,Hirschioporus fuscoviolaceus,ot_3172_tree1.nex,Hirschioporus fuscoviolaceus,687147,Trichaptum fuscoviolaceum
Hirschioporus floridanus,Hirschioporus floridanus,ot_3172_tree1.nex,Hirschioporus floridanus,6521371,Hirschioporus floridanus
,Hirschioporus sp2,ot_3172_tree1.nex,Hirschioporus sp2,-,-
Trichaptum biforme,Pallidohirschioporus biformis,ot_3172_tree1.nex,Pallidohirschioporus biformis,687148,Trichaptum biforme
Trichaptum brastagii,Pallidohirschioporus brastagii,ot_3172_tree1.nex,Pallidohirschioporus brastagii,3801258,Trichaptum brastagii
Trichaptum imbricatum,Pallidohirschioporus imbricaceus,ot_3172_tree1.nex,Pallidohirschioporus imbricaceus,5296939,Trichaptum imbricatum
Pallidohirschioporus versicolor,Pallidohirschioporus versicolor,ot_3172_tree1.nex,Pallidohirschioporus versicolor,6521372,Pallidohirschioporus versicolor
Trichaptum polycystidiatum,Pallidohirschioporus polycysitidiatus,ot_3172_tree1.nex,Pallidohirschioporus polycysitidiatus,3801856,Trichaptum polycystidiatum
Trichaptum subchartaceum,Pallidohirschioporus subchartaceus,ot_3172_tree1.nex,Pallidohirschioporus subchartaceus,266244,Trichaptum subchartaceum
Hirschioporus pubescens,Hirschioporus pubescens,ot_3172_tree1.nex,Hirschioporus pubescens,6521373,Hirschioporus pubescens
Trichaptum griseofuscum,Nigrohirschioporus griseofuscus,ot_3172_tree1.nex,Nigrohirschioporus griseofuscus,3800023,Trichaptum griseofuscum
Nigrohirschioporus keylargoensis,Nigrohirschioporus keylargoensis,ot_3172_tree1.nex,Nigrohirschioporus keylargoensis,6521380,Nigrohirschioporus keylargoensis
Nigrohirschioporus fissilis,Nigrohirschioporus fissilis,ot_3172_tree1.nex,Nigrohirschioporus fissilis,6521386,Nigrohirschioporus fissilis
Trichaptum bulbocystidiatum,Nigrohirschioporus bulbocystidiatus,ot_3172_tree1.nex,Nigrohirschioporus bulbocystidiatus,6381978,Trichaptum bulbocystidiatum
Trichaptum sector,Nigrohirschioporus sector,ot_3172_tree1.nex,Nigrohirschioporus sector,3801855,Trichaptum sector
Trichaptum confertum,Nigrohirschioporus confertus,ot_3172_tree1.nex,Nigrohirschioporus confertus,7525306,Trichaptum confertum
Trichaptum deviatum,Nigrohirschioporus deviatus,ot_3172_tree1.nex,Nigrohirschioporus deviatus,6381979,Trichaptum deviatum
Nigrohirschioporus trimiticus,Nigrohirschioporus trimiticus,ot_3172_tree1.nex,Nigrohirschioporus trimiticus,6521374,Nigrohirschioporus trimiticus
Nigroporus durus,Nigrohirschioporus durus,ot_3172_tree1.nex,Nigrohirschioporus durus,3801673,Nigroporus durus
Nigrohirschioporus wuyiensis,Nigrohirschioporus wuyiensis,ot_3172_tree1.nex,Nigrohirschioporus wuyiensis,6521381,Nigrohirschioporus wuyiensis
Hirschioporus beijingensis,Hirschioporus beijingensis,ot_3172_tree1.nex,Hirschioporus beijingensis,6521375,Hirschioporus beijingensis
Nigrohirschioporus submiurinus,Nigrohirschioporus submiurinus,ot_3172_tree1.nex,Nigrohirschioporus submiurinus,6521376,Nigrohirschioporus submiurinus
,Nigrohirschioporus sp1,ot_3172_tree1.nex,Nigrohirschioporus sp1,-,-
Trichaptum fumosoavellaneum,Perennihirschioporus fumosoavellaneus,ot_3172_tree1.nex,Perennihirschioporus fumosoavellaneus,3801845,Trichaptum fumosoavellaneum
Perennihirschioporus caymanensis,Perennihirschioporus caymanensis,ot_3172_tree1.nex,Perennihirschioporus caymanensis,6521382,Perennihirschioporus caymanensis
Trichaptum variabilis,Perennihirschioporus variabilis,ot_3172_tree1.nex,Perennihirschioporus variabilis,3801858,Trichaptum variabilis
Trichaptum agricola,Perennihirschioporus agricola,ot_3172_tree1.nex,Perennihirschioporus agricola,7525304,Trichaptum agricola
Perennihirschioporus deadaleus,Perennihirschioporus deadaleus,ot_3172_tree1.nex,Perennihirschioporus deadaleus,6521377,Perennihirschioporus deadaleus
Trichaptum perenne,Perennihirschioporus perennis,ot_3172_tree1.nex,Perennihirschioporus perennis,5296940,Trichaptum perenne
,Perennihirschioporus sp1,ot_3172_tree1.nex,Perennihirschioporus sp1,-,-
Trichaptum longisporum,Trichaptum longisporum,ot_3172_tree1.nex,Trichaptum longisporum,6521383,Trichaptum longisporum
Hirschioporus chinensis,Hirschioporus chinensis,ot_3172_tree1.nex,Hirschioporus chinensis,6521378,Hirschioporus chinensis
Trichaptum cystidiolatum,Trichaptum cystidiolatum,ot_3172_tree1.nex,Trichaptum cystidiolatum,6521384,Trichaptum cystidiolatum
Trichaptum byssogenum,Trichaptum bysssogenum,ot_3172_tree1.nex,Trichaptum bysssogenum,725495,Trichaptum byssogenum
Trichaptum resacarium,Trichaptum resacarium,ot_3172_tree1.nex,Trichaptum resacarium,7525307,Trichaptum resacarium
Trichaptum perrottetii,Trichaptum perrottetii,ot_3172_tree1.nex,Trichaptum perrottetii,3801844,Trichaptum perrottetii
Trichaptum strigosum,Trichaptum strigosum,ot_3172_tree1.nex,Trichaptum strigosum,3801859,Trichaptum strigosum
Nigrofomes sinomelanoporus,Nigrofomes sinomelanoporus,ot_3172_tree1.nex,Nigrofomes sinomelanoporus,7525697,Nigrofomes sinomelanoporus
Nigrofomes melanoporus,Nigrofomes melanoporus,ot_3172_tree1.nex,Nigrofomes melanoporus,4098838,Nigrofomes melanoporus
Trichaptum laricinum,Pseudotrichaptum laricinum,ot_3172_tree1.nex,Pseudotrichaptum laricinum,687146,Trichaptum laricinum
Antrodiella gypsea,Neoantrodiella gypsea,ot_3172_tree1.nex,Neoantrodiella gypsea,3801561,Antrodiella gypsea
Antrodiella thujae,Neoantrodiella thujae,ot_3172_tree1.nex,Neoantrodiella thujae,3801543,Antrodiella thujae
Trichaptum montanum,Hirschioporus montanus,ot_3172_tree1.nex,Hirschioporus montanus,3801854,Trichaptum montanum
Trichaptum podocarpi,Podocarpioporus podocarpi,ot_3172_tree1.nex,Podocarpioporus podocarpi,5296941,Trichaptum podocarpi
Podocarpioporus hydnoides,Podocarpioporus hydnoides,ot_3172_tree1.nex,Podocarpioporus hydnoides,6521385,Podocarpioporus hydnoides
Coltricia perennis,Coltricia perennis,ot_3172_tree1.nex,Coltricia perennis,569041,Coltricia perennis
Coltriciella dependens,Coltricia dependens,ot_3172_tree1.nex,Coltricia dependens,391051,Coltriciella dependens
,Hirschioporus sp1,ot_3172_tree1.nex,Hirschioporus sp1,-,-
Hirschioporus tianschanicus,Hirschioporus tianschanicus,ot_3172_tree1.nex,Hirschioporus tianschanicus,6521379,Hirschioporus tianschanicus
,"""Hirschioporus abietinus""",ot_3172_tree1.nex,"""Hirschioporus abietinus""",-,-
,"""Hirschioporus fuscoviolaceus""",ot_3172_tree1.nex,"""Hirschioporus fuscoviolaceus""",-,-
